id_del_curso;Precio
522426; 200.000 
820194; 200.000 
870936; 200.000 
178044; 200.000 
595876; 200.000 
1199928; 200.000 
522784; 200.000 
1046722; 200.000 
1164832; 200.000 
1120554; 200.000 
1100628; 200.000 
651014; 200.000 
897238; 200.000 
632702; 200.000 
1139792; 200.000 
1164720; 200.000 
961684; 200.000 
1228900; 200.000 
866796; 200.000 
1216132; 200.000 
1164570; 200.000 
520766; 200.000 
1094930; 200.000 
1219326; 200.000 
400130; 200.000 
416548; 200.000 
561188; 200.000 
494058; 200.000 
380668; 200.000 
563708; 200.000 
749542; 200.000 
520468; 200.000 
640428; 200.000 
640426; 200.000 
337072; 200.000 
1151326; 195.000 
960898; 195.000 
1008100; 195.000 
1013676; 195.000 
737642; 195.000 
792232; 195.000 
489114; 195.000 
464184; 195.000 
474076; 195.000 
876444; 195.000 
518870; 195.000 
1015308; 195.000 
516394; 195.000 
854746; 195.000 
1216164; 195.000 
356840; 195.000 
1240730; 195.000 
519968; 190.000 
1085646; 185.000 
905244; 185.000 
826202; 180.000 
1145736; 180.000 
933888; 180.000 
834114; 175.000 
438420; 165.000 
349586; 165.000 
632136; 155.000 
967486; 150.000 
1047436; 150.000 
327666; 150.000 
501140; 150.000 
880202; 150.000 
1067516; 150.000 
1117796; 150.000 
874012; 150.000 
405488; 150.000 
751230; 150.000 
231970; 150.000 
913768; 150.000 
1275872; 150.000 
530436; 150.000 
885479; 150.000 
555952; 145.000 
413713; 145.000 
998580; 140.000 
635716; 135.000 
447210; 135.000 
1274846; 135.000 
1242692; 135.000 
1092766; 125.000 
808542; 125.000 
686430; 125.000 
636548; 120.000 
948294; 120.000 
968268; 120.000 
922092; 120.000 
472592; 115.000 
873296; 105.000 
269082; 105.000 
406504; 105.000 
1269190; 100.000 
575040; 100.000 
638040; 100.000 
927186; 100.000 
771044; 100.000 
1027080; 100.000 
1012262; 100.000 
1147664; 100.000 
727510; 100.000 
482924; 100.000 
996868; 100.000 
983444; 100.000 
1243016; 100.000 
1160004; 100.000 
1266468; 100.000 
908664; 100.000 
654038; 100.000 
950894; 100.000 
1246168; 100.000 
978462; 100.000 
1161864; 100.000 
757900; 100.000 
490392; 100.000 
952106; 95.000 
1115504; 95.000 
1055424; 95.000 
452092; 95.000 
19164; 95.000 
286160; 95.000 
1126016; 95.000 
1146166; 95.000 
805882; 95.000 
857144; 95.000 
52457; 95.000 
62721; 95.000 
846214; 95.000 
787096; 95.000 
834226; 95.000 
850426; 95.000 
396204; 95.000 
530426; 95.000 
787204; 95.000 
1197206; 95.000 
424770; 95.000 
860656; 95.000 
775252; 95.000 
1004512; 90.000 
1142428; 90.000 
628786; 90.000 
1165588; 90.000 
395652; 85.000 
1027480; 85.000 
724824; 85.000 
326338; 85.000 
513212; 80.000 
1202746; 80.000 
1009622; 80.000 
1190334; 80.000 
314698; 80.000 
1185390; 80.000 
117004; 75.000 
532140; 75.000 
691641; 75.000 
1236254; 75.000 
412864; 75.000 
482208; 75.000 
371074; 75.000 
1219814; 75.000 
1265678; 70.000 
701468; 70.000 
770622; 70.000 
690918; 70.000 
711688; 70.000 
1095488; 70.000 
1049380; 65.000 
1168910; 65.000 
1262470; 65.000 
1092632; 65.000 
1246252; 65.000 
28556; 65.000 
403764; 60.000 
870368; 60.000 
1177670; 60.000 
62497; 55.000 
15467; 55.000 
1035402; 55.000 
1068664; 55.000 
1151342; 55.000 
750934; 50.000 
546848; 50.000 
1163768; 50.000 
657764; 50.000 
585566; 50.000 
172906; 50.000 
1143148; 50.000 
625920; 50.000 
978576; 50.000 
784478; 50.000 
631148; 50.000 
477634; 50.000 
58791; 50.000 
720300; 50.000 
1197810; 50.000 
1047750; 50.000 
655198; 50.000 
1068902; 50.000 
780150; 50.000 
1184664; 50.000 
794036; 50.000 
288110; 50.000 
1104858; 50.000 
47004; 50.000 
288850; 50.000 
861444; 50.000 
622284; 50.000 
966268; 50.000 
310652; 50.000 
1007622; 50.000 
1087244; 50.000 
1049760; 50.000 
953220; 50.000 
297702; 50.000 
964478; 50.000 
546832; 50.000 
681878; 50.000 
738198; 50.000 
1178226; 50.000 
514398; 50.000 
177584; 50.000 
1009068; 45.000 
922464; 45.000 
53556; 45.000 
1029554; 45.000 
634480; 45.000 
133968; 45.000 
1226182; 45.000 
365926; 45.000 
536780; 45.000 
558432; 45.000 
53549; 45.000 
358998; 45.000 
463354; 45.000 
49553; 45.000 
446936; 40.000 
585174; 40.000 
1211198; 40.000 
1165016; 40.000 
1008654; 40.000 
843620; 40.000 
682060; 40.000 
334530; 40.000 
188584; 40.000 
835082; 40.000 
801186; 40.000 
904144; 40.000 
601092; 40.000 
1201118; 40.000 
197610; 40.000 
865634; 40.000 
649404; 40.000 
628440; 40.000 
705444; 40.000 
1153326; 40.000 
855764; 40.000 
1200856; 40.000 
15611; 40.000 
1114470; 40.000 
943724; 40.000 
946326; 40.000 
1093446; 35.000 
1216554; 35.000 
177472; 35.000 
1106490; 35.000 
520876; 35.000 
1046540; 35.000 
446022; 35.000 
280194; 35.000 
68876; 35.000 
283038; 35.000 
893978; 35.000 
1234108; 35.000 
1019552; 35.000 
1075366; 35.000 
385662; 35.000 
429366; 35.000 
63712; 35.000 
507726; 35.000 
1091360; 35.000 
278948; 35.000 
1165268; 30.000 
144222; 30.000 
1101806; 30.000 
927336; 30.000 
608090; 30.000 
1136446; 30.000 
1246636; 30.000 
644914; 30.000 
1080584; 30.000 
1246518; 30.000 
1182330; 30.000 
742392; 30.000 
624356; 30.000 
872816; 30.000 
586680; 30.000 
1133648; 30.000 
971260; 30.000 
1185898; 30.000 
861742; 30.000 
753934; 30.000 
222976; 30.000 
1164488; 30.000 
986832; 30.000 
981684; 30.000 
286508; 30.000 
574132; 30.000 
1276020; 30.000 
804096; 30.000 
744696; 30.000 
1169062; 30.000 
406424; 30.000 
1088924; 30.000 
367460; 30.000 
733654; 30.000 
642656; 30.000 
960326; 30.000 
581352; 30.000 
1036766; 30.000 
20461; 30.000 
895302; 30.000 
1024800; 30.000 
1181652; 30.000 
1133716; 30.000 
413180; 30.000 
16689; 25.000 
883324; 25.000 
1143032; 25.000 
908324; 25.000 
883828; 25.000 
692918; 25.000 
471136; 25.000 
783438; 25.000 
1141560; 25.000 
317278; 25.000 
1018358; 25.000 
831640; 25.000 
341952; 25.000 
837798; 25.000 
449788; 25.000 
590622; 25.000 
74782; 25.000 
206592; 25.000 
753774; 25.000 
803058; 25.000 
1177156; 25.000 
546124; 25.000 
909486; 25.000 
276680; 25.000 
436568; 25.000 
669174; 25.000 
637402; 25.000 
942768; 25.000 
338308; 25.000 
693812; 25.000 
79120; 25.000 
1089062; 25.000 
1221032; 25.000 
913194; 25.000 
311846; 25.000 
1047408; 25.000 
77896; 20.000 
479760; 20.000 
600366; 20.000 
573064; 20.000 
817074; 20.000 
406054; 20.000 
1000116; 20.000 
1219520; 20.000 
518188; 20.000 
201812; 20.000 
661628; 20.000 
855188; 20.000 
185526; 20.000 
1158854; 20.000 
300466; 20.000 
273256; 20.000 
547190; 20.000 
1226332; 20.000 
517866; 20.000 
242176; 20.000 
711210; 20.000 
753154; 20.000 
502204; 20.000 
371900; 20.000 
77532; 20.000 
1137738; 20.000 
909970; 20.000 
65596; 20.000 
408118; 20.000 
1149656; 20.000 
726314; 20.000 
1128984; 20.000 
699382; 20.000 
1077836; 20.000 
181268; 20.000 
1083784; 20.000 
1022032; 20.000 
793246; 20.000 
1069348; 20.000 
768940; 20.000 
388104; 20.000 
1227748; 20.000 
1258402; 20.000 
37821; 20.000 
410974; 20.000 
335902; 20.000 
789670; 20.000 
1133764; 20.000 
134690; 20.000 
808808; 20.000 
429866; 20.000 
506164; 20.000 
1182900; 20.000 
810234; 20.000 
121490; 20.000 
951304; 20.000 
1125814; 20.000 
1153710; 20.000 
935108; 20.000 
185092; 20.000 
1134692; 20.000 
1228708; 20.000 
872262; 20.000 
514496; 20.000 
788722; 20.000 
647520; 20.000 
475214; 20.000 
513846; 20.000 
393850; 20.000 
395140; 20.000 
550360; 20.000 
1125728; 20.000 
456388; 20.000 
766906; 20.000 
1093760; 20.000 
31150; 20.000 
445102; 20.000 
385462; 20.000 
768366; 20.000 
255604; 20.000 
709160; 20.000 
663702; 20.000 
814200; 20.000 
20150; 20.000 
987865; 20.000 
428220; 20.000 
785328; 20.000 
651352; 20.000 
181264; 20.000 
181294; 20.000 
220604; 20.000 
435626; 20.000 
1196852; 20.000 
148982; 20.000 
895394; 20.000 
379814; 20.000 
934790; 20.000 
1029436; 20.000 
956002; 20.000 
374404; 20.000 
484896; 20.000 
561800; 20.000 
1164876; 20.000 
599652; 20.000 
185500; 20.000 
923902; 20.000 
185528; 20.000 
452182; 20.000 
995384; 20.000 
64078; 20.000 
1062048; 20.000 
439968; 20.000 
553832; 20.000 
145178; 20.000 
93484; 20.000 
1076222; 20.000 
722176; 20.000 
286424; 20.000 
559204; 20.000 
371490; 20.000 
188604; 20.000 
374652; 20.000 
906760; 20.000 
456988; 20.000 
637066; 20.000 
699380; 20.000 
692920; 20.000 
433084; 20.000 
223884; 20.000 
656914; 20.000 
1195812; 20.000 
249126; 20.000 
659340; 20.000 
1127944; 20.000 
622122; 20.000 
108384; 20.000 
177614; 20.000 
473474; 20.000 
366194; 20.000 
551964; 20.000 
294294; 20.000 
1252410; 20.000 
899240; 20.000 
368958; 20.000 
1131780; 20.000 
16714; 20.000 
994312; 20.000 
832870; 20.000 
907408; 20.000 
496302; 20.000 
502588; 20.000 
600486; 20.000 
1031648; 20.000 
508570; 20.000 
397204; 20.000 
364986; 20.000 
699376; 20.000 
431562; 20.000 
339560; 20.000 
1122306; 20.000 
559046; 20.000 
435138; 20.000 
81278; 20.000 
303042; 20.000 
640164; 20.000 
978272; 20.000 
648350; 20.000 
441106; 20.000 
793000; 20.000 
672086; 20.000 
349144; 20.000 
140368; 20.000 
513782; 20.000 
46524; 20.000 
497268; 20.000 
574194; 20.000 
766320; 20.000 
468182; 20.000 
955242; 20.000 
327310; 20.000 
397946; 20.000 
185538; 20.000 
524748; 20.000 
570188; 20.000 
1245356; 20.000 
1114164; 20.000 
579202; 20.000 
991416; 20.000 
1171720; 20.000 
939882; 20.000 
673142; 20.000 
938680; 20.000 
586914; 20.000 
1105636; 20.000 
672112; 20.000 
951912; 20.000 
192726; 20.000 
1163644; 20.000 
852060; 20.000 
496430; 20.000 
381828; 20.000 
544944; 20.000 
;
;
;
;
;
;
;
;
;
;
;
;
;
;
;
;
;
;
;
;
;
;
;
;
;
;
;
;
;
;
;
;
;
;
;
;
;
;
